Type,Name,Request Count,Failure Count,Median Response Time,Average Response Time,Min Response Time,Max Response Time,Average Content Size,Requests/s,Failures/s,50%,66%,75%,80%,90%,95%,98%,99%,99.9%,99.99%,100%
POST,Create Term,58,2,64,64.0873413784871,35.695700003998354,85.56339997448958,140.63793103448276,0.9922530198369205,0.034215621373686916,64,69,69,72,73,78,79,86,86,86,86
GET,Get Term,81,0,19,19.12164567814519,6.6503999987617135,37.27089997846633,188.11111111111111,1.38573266563432,0.0,19,23,26,27,29,32,35,37,37,37,37
GET,List Terms,144,0,22,23.848240278514115,8.099500002572313,46.83110001496971,24552.895833333332,2.4635247389054578,0.0,23,29,31,33,38,41,45,47,47,47,47
GET,[Setup] List Terms,10,0,54,59.10363000584766,44.39309998997487,98.30870002042502,20853.8,0.17107810686843458,0.0,57,59,62,72,98,98,98,98,98,98,98
,Aggregated,293,2,26,31.710245733947172,6.6503999987617135,98.30870002042502,12858.529010238908,5.012588531245133,0.034215621373686916,26,33,42,54,65,72,76,79,98,98,98
