Type,Name,Request Count,Failure Count,Median Response Time,Average Response Time,Min Response Time,Max Response Time,Average Content Size,Requests/s,Failures/s,50%,66%,75%,80%,90%,95%,98%,99%,99.9%,99.99%,100%
POST,Create Term,125,19,28000.0,26926.034891999796,4683.317699993495,51405.27620000648,140.592,0.6955011542698137,0.10571617544901168,28000,29000,30000,31000,31000,32000,51000,51000,51000,51000,51000
GET,Get Term,191,7,29000.0,28544.72417801043,13432.512100000167,51436.346900009084,146.60732984293193,1.0627257637242753,0.03894806463910957,29000,30000,31000,31000,31000,32000,51000,51000,51000,51000,51000
GET,List Terms,274,0,37000.0,42673.91164051203,13753.278999996837,75656.33430000162,117751.6605839416,1.5245385301594316,0.0,37000,51000,53000,53000,60000,60000,76000,76000,76000,76000,76000
GET,[Setup] List Terms,200,1,54000.0,53169.434831999344,165.40890000760555,80044.12730000331,108895.425,1.112801846831702,0.00556400923415851,54000,55000,55000,56000,79000,80000,80000,80000,80000,80000,80000
,Aggregated,790,27,33000.0,39423.2094118989,165.40890000760555,80044.12730000331,68466.60253164556,4.395567294985223,0.15022824932227977,33000,51000,53000,54000,56000,60000,79000,80000,80000,80000,80000
